{"schema":{"fields":[{"name":"index","type":"integer"},{"name":"Validation Rule","type":"string"},{"name":"Comments","type":"string"},{"name":"Row Counts","type":"integer"},{"name":"Check Type","type":"string"}],"primaryKey":["index"],"pandas_version":"0.20.0"},"data":[{"index":0,"Validation Rule":"Validated Fields","Comments":"Please replace this text with an explanation of why the validation cannot be cleared.gdfg","Row Counts":4,"Check Type":"Value Match Check"},{"index":1,"Validation Rule":"Commission Ratio","Comments":"Please replace this text with an explanation of why the validation cannot be cleared.ert","Row Counts":1,"Check Type":"Aggregate Result Check"},{"index":2,"Validation Rule":"Commission Ratio","Comments":"Please replace this text with an explanation of why the validation cannot be cleared.ertert","Row Counts":5,"Check Type":"Aggregate Result Check"},{"index":3,"Validation Rule":"Written Revenues net of Taxes","Comments":"Please replace this text with an explanation of why the validation cannot be cleared.reter","Row Counts":3326,"Check Type":"Row Check"},{"index":4,"Validation Rule":"Written Revenues","Comments":"Please replace this text with an explanation of why the validation cannot be cleared.eter","Row Counts":3326,"Check Type":"Row Check"},{"index":5,"Validation Rule":"Earned Base Commissions","Comments":"Please replace this text with an explanation of why the validation cannot be cleared.erter","Row Counts":2624,"Check Type":"Row Check"},{"index":6,"Validation Rule":"Earned Over-Commissions","Comments":"Please replace this text with an explanation of why the validation cannot be cleared.retert","Row Counts":7247,"Check Type":"Row Check"},{"index":7,"Validation Rule":"Paid Claims","Comments":"Please replace this text with an explanation of why the validation cannot be cleared.ert","Row Counts":11362,"Check Type":"Row Check"},{"index":8,"Validation Rule":"OCR + IBNR","Comments":"Please replace this text with an explanation of why the validation cannot be cleared.ter","Row Counts":937,"Check Type":"Row Check"},{"index":9,"Validation Rule":"Internal Variable Costs (excl. AZ Tech Fee)","Comments":"Please replace this text with an explanation of why the validation cannot be cleared.ret","Row Counts":930,"Check Type":"Row Check"},{"index":10,"Validation Rule":"AZ Tech Fee","Comments":"Please replace this text with an explanation of why the validation cannot be cleared.erte","Row Counts":930,"Check Type":"Row Check"},{"index":11,"Validation Rule":"Internal Fixed Costs (excl. HQ Fees)","Comments":"Please replace this text with an explanation of why the validation cannot be cleared.ert","Row Counts":930,"Check Type":"Row Check"},{"index":12,"Validation Rule":"HQ Fees","Comments":"Please replace this text with an explanation of why the validation cannot be cleared.erter","Row Counts":931,"Check Type":"Row Check"},{"index":13,"Validation Rule":"Units of Risk (Earned)","Comments":"Please replace this text with an explanation of why the validation cannot be cleared.ert","Row Counts":2044,"Check Type":"Row Check"},{"index":14,"Validation Rule":"Units of Risk (Written)","Comments":"Please replace this text with an explanation of why the validation cannot be cleared.eerte","Row Counts":3326,"Check Type":"Row Check"},{"index":15,"Validation Rule":"Number of Policies (Earned)","Comments":"Please replace this text with an explanation of why the validation cannot be cleared.erte","Row Counts":15739,"Check Type":"Row Check"},{"index":16,"Validation Rule":"Number of Policies (Written)","Comments":"Please replace this text with an explanation of why the validation cannot be cleared.erte","Row Counts":3326,"Check Type":"Row Check"},{"index":17,"Validation Rule":"Commission Ratio","Comments":"Please replace this text with an explanation of why the validation cannot be cleared.erte","Row Counts":1879,"Check Type":"Row Check"},{"index":18,"Validation Rule":"Expense Ratio","Comments":"Please replace this text with an explanation of why the validation cannot be cleared.erter","Row Counts":935,"Check Type":"Row Check"}]}